Id,BIRTHDATE,DEATHDATE,SSN,DRIVERS,PASSPORT,PREFIX,FIRST,MIDDLE,LAST,SUFFIX,Column1,MARITAL,RACE,ETHNICITY,GENDER,BIRTHPLACE,ADDRESS,CITY,STATE,COUNTY,FIPS,ZIP,INCOME,EMAIL,MRN
21248,3/8/66,0,999-34-3432,S99973807,X17421891X,Mrs.,Dian,0,Waelchi,0,Veum,D,black,nonhispanic,F,Rotterdam  New York  US,"c/o Emergency Mail Program
1154 Sarah Square Suite 992",New York,New York,New York County,36061,10023,31934,sHUfYNzuqE@gmail.com,999-34-3432
21249,6/1/88,0,615-66-9652,S99973807,X17421891X,Mrs.,Dian,0,Waelchi,0,Veum,D,black,nonhispanic,F,Rotterdam  New York  US,"USPS Store
8507 Kelly Keys Suite 761",New York,New York,New York County,36061,10023,31934,sHUfYNzuqE@gmail.com,999-34-3432
21250,8/10/69,0,399-17-4135,S99973807,X17421891X,Mrs.,Dian,0,Waelchi,0,Veum,D,black,nonhispanic,F,Rotterdam  New York  US,GENERAL DELIVERY,New York,New York,New York County,36061,10023,31934,sHUfYNzuqE@gmail.com,999-34-3432
21251,8/2/82,0,264-70-2108,S99973807,X17421891X,Mrs.,Dian,0,Waelchi,0,Veum,D,black,nonhispanic,F,Rotterdam  New York  US,PO BOX 5168,New York,New York,New York County,36061,10023,31934,sHUfYNzuqE@gmail.com,999-34-3432
21252,3/8/66,0,999-34-3432,S99973807,X17421891X,Mrs.,Dian,0,Waelchi,0,Veum,D,black,nonhispanic,F,Rotterdam  New York  US,"USPS Store
098 Jenkins Meadow  Suite 887",New York,New York,New York County,36061,10023,31934,sHUfYNzuqE@gmail.com,999-34-3432
21253,3/8/66,0,999-34-3432,S99973807,X17421891X,Mrs.,Dian,0,Waelchi,0,Veum,D,black,nonhispanic,F,Rotterdam  New York  US,GENERAL DELIVERY,New York,New York,New York County,36061,10023,31934,sHUfYNzuqE@gmail.com,999-34-3432
21254,3/8/66,0,999-34-3432,S99973807,X17421891X,Mrs.,Dian,0,Waelchi,0,Veum,D,black,nonhispanic,F,Rotterdam  New York  US,PO BOX 5442,New York,New York,New York County,36061,10023,31934,sHUfYNzuqE@gmail.com,999-34-3432
21255,1/29/80,0,853-73-5688,S99973807,X17421891X,Mrs.,Dian,0,Waelchi,0,Veum,D,black,nonhispanic,F,Rotterdam  New York  US,"c/o Emergency Mail Program
666 Stewart Ranch Apt. 805",New York,New York,New York County,36061,10023,31934,sHUfYNzuqE@gmail.com,999-34-3432
21256,10/25/85,0,886-76-1180,S99973807,X17421891X,Mrs.,Dian,0,Waelchi,0,Veum,D,black,nonhispanic,F,Rotterdam  New York  US,"Lawson PLC
8993 Brenda Freeway Apt. 679",New York,New York,New York County,36061,10023,31934,sHUfYNzuqE@gmail.com,999-34-3432
21257,3/8/66,0,999-34-3432,S99973807,X17421891X,Mrs.,Dian,0,Waelchi,0,Veum,D,black,nonhispanic,F,Rotterdam  New York  US,"Fisher, Vasquez and Higgins
77690 Cannon Oval Suite 255",New York,New York,New York County,36061,10023,31934,sHUfYNzuqE@gmail.com,999-34-3432
21258,8/10/69,0,399-17-4135,S99965540,X20013051X,Mr.,Howard,Keith,Zulauf,0,0,W,white,nonhispanic,M,Braga  Minho  PT,GENERAL DELIVERY,New York,New York,New York County,36061,10119,21871,cVMEvHMXJv@hotmail.com,999-42-9160
21259,7/12/65,0,999-42-9160,S99965540,X20013051X,Mr.,Howard,Keith,Zulauf,0,0,W,white,nonhispanic,M,Braga  Minho  PT,GENERAL DELIVERY,New York,New York,New York County,36061,10119,21871,cVMEvHMXJv@hotmail.com,999-42-9160
21260,7/12/65,0,999-42-9160,S99965540,X20013051X,Mr.,Howard,Keith,Zulauf,0,0,W,white,nonhispanic,M,Braga  Minho  PT,"USPS Store
38887 Christopher Valley Suite 634",New York,New York,New York County,36061,10119,21871,cVMEvHMXJv@hotmail.com,999-42-9160
21261,7/12/65,0,999-42-9160,S99965540,X20013051X,Mr.,Howard,Keith,Zulauf,0,0,W,white,nonhispanic,M,Braga  Minho  PT,"c/o Emergency Mail Program
04437 April Locks",New York,New York,New York County,36061,10119,21871,cVMEvHMXJv@hotmail.com,999-42-9160
21262,7/12/65,0,999-42-9160,S99965540,X20013051X,Mr.,Howard,Keith,Zulauf,0,0,W,white,nonhispanic,M,Braga  Minho  PT,"Bennett LLC
546 Mccarthy Isle Apt. 104",New York,New York,New York County,36061,10119,21871,cVMEvHMXJv@hotmail.com,999-42-9160
21263,6/1/88,0,615-66-9652,S99965540,X20013051X,Mr.,Howard,Keith,Zulauf,0,0,W,white,nonhispanic,M,Braga  Minho  PT,"USPS Store
4955 Cassidy Lane Suite 801",New York,New York,New York County,36061,10119,21871,cVMEvHMXJv@hotmail.com,999-42-9160
21264,7/12/65,0,999-42-9160,S99965540,X20013051X,Mr.,Howard,Keith,Zulauf,0,0,W,white,nonhispanic,M,Braga  Minho  PT,PO BOX 2615,New York,New York,New York County,36061,10119,21871,cVMEvHMXJv@hotmail.com,999-42-9160
21265,8/2/82,0,264-70-2108,S99965540,X20013051X,Mr.,Howard,Keith,Zulauf,0,0,W,white,nonhispanic,M,Braga  Minho  PT,PO BOX 719,New York,New York,New York County,36061,10119,21871,cVMEvHMXJv@hotmail.com,999-42-9160
21266,10/25/85,0,886-76-1180,S99965540,X20013051X,Mr.,Howard,Keith,Zulauf,0,0,W,white,nonhispanic,M,Braga  Minho  PT,"Johnson, Hanna and Powell
3289 Patricia Plaza",New York,New York,New York County,36061,10119,21871,cVMEvHMXJv@hotmail.com,999-42-9160
21267,1/29/80,0,853-73-5688,S99965540,X20013051X,Mr.,Howard,Keith,Zulauf,0,0,W,white,nonhispanic,M,Braga  Minho  PT,"c/o Emergency Mail Program
074 Jacobs Mall",New York,New York,New York County,36061,10119,21871,cVMEvHMXJv@hotmail.com,999-42-9160
21268,1/29/80,0,853-73-5688,S99985882,X87412042X,Mr.,Gerardo,Ramon,Galvez,0,0,M,white,hispanic,M,San Juan  Puerto Rico  PR,"c/o Emergency Mail Program
82462 Julie Square",New York,New York,New York County,36061,10022,68101,riqIBkQVPQ@hotmail.com,999-82-1471
21269,10/25/85,0,886-76-1180,S99985882,X87412042X,Mr.,Gerardo,Ramon,Galvez,0,0,M,white,hispanic,M,San Juan  Puerto Rico  PR,"Martinez Ltd
741 Luke Isle Suite 835",New York,New York,New York County,36061,10022,68101,riqIBkQVPQ@hotmail.com,999-82-1471
21270,1/31/58,0,999-82-1471,S99985882,X87412042X,Mr.,Gerardo,Ramon,Galvez,0,0,M,white,hispanic,M,San Juan  Puerto Rico  PR,"c/o Emergency Mail Program
412 Eric Mill Apt. 312",New York,New York,New York County,36061,10022,68101,riqIBkQVPQ@hotmail.com,999-82-1471
21271,1/31/58,0,999-82-1471,S99985882,X87412042X,Mr.,Gerardo,Ramon,Galvez,0,0,M,white,hispanic,M,San Juan  Puerto Rico  PR,"Williams-Sheppard
2850 Jackson Mission Suite 462",New York,New York,New York County,36061,10022,68101,riqIBkQVPQ@hotmail.com,999-82-1471
21272,1/31/58,0,999-82-1471,S99985882,X87412042X,Mr.,Gerardo,Ramon,Galvez,0,0,M,white,hispanic,M,San Juan  Puerto Rico  PR,GENERAL DELIVERY,New York,New York,New York County,36061,10022,68101,riqIBkQVPQ@hotmail.com,999-82-1471
21273,1/31/58,0,999-82-1471,S99985882,X87412042X,Mr.,Gerardo,Ramon,Galvez,0,0,M,white,hispanic,M,San Juan  Puerto Rico  PR,"USPS Store
53372 Petersen Knoll Suite 580",New York,New York,New York County,36061,10022,68101,riqIBkQVPQ@hotmail.com,999-82-1471
21274,8/2/82,0,264-70-2108,S99985882,X87412042X,Mr.,Gerardo,Ramon,Galvez,0,0,M,white,hispanic,M,San Juan  Puerto Rico  PR,PO BOX 6186,New York,New York,New York County,36061,10022,68101,riqIBkQVPQ@hotmail.com,999-82-1471
21275,8/10/69,0,399-17-4135,S99985882,X87412042X,Mr.,Gerardo,Ramon,Galvez,0,0,M,white,hispanic,M,San Juan  Puerto Rico  PR,GENERAL DELIVERY,New York,New York,New York County,36061,10022,68101,riqIBkQVPQ@hotmail.com,999-82-1471
21276,1/31/58,0,999-82-1471,S99985882,X87412042X,Mr.,Gerardo,Ramon,Galvez,0,0,M,white,hispanic,M,San Juan  Puerto Rico  PR,PO BOX 6211,New York,New York,New York County,36061,10022,68101,riqIBkQVPQ@hotmail.com,999-82-1471
21277,6/1/88,0,615-66-9652,S99985882,X87412042X,Mr.,Gerardo,Ramon,Galvez,0,0,M,white,hispanic,M,San Juan  Puerto Rico  PR,"USPS Store
5057 Clark Island Suite 112",New York,New York,New York County,36061,10022,68101,riqIBkQVPQ@hotmail.com,999-82-1471
21278,2/13/88,0,999-34-5819,S99939307,X26300166X,Mr.,Lon,Ted,Padberg,0,0,M,white,nonhispanic,M,New York  New York  US,"c/o Emergency Mail Program
443 Jeffrey Forest Apt. 938",New York,New York,New York County,36061,10002,112949,rmDktUwbmh@gmail.com,999-34-5819
21279,2/13/88,0,999-34-5819,S99939307,X26300166X,Mr.,Lon,Ted,Padberg,0,0,M,white,nonhispanic,M,New York  New York  US,"USPS Store
56057 Sanchez Burg  Suite 588",New York,New York,New York County,36061,10002,112949,rmDktUwbmh@gmail.com,999-34-5819
21280,2/13/88,0,999-34-5819,S99939307,X26300166X,Mr.,Lon,Ted,Padberg,0,0,M,white,nonhispanic,M,New York  New York  US,GENERAL DELIVERY,New York,New York,New York County,36061,10002,112949,rmDktUwbmh@gmail.com,999-34-5819
21281,10/25/85,0,886-76-1180,S99939307,X26300166X,Mr.,Lon,Ted,Padberg,0,0,M,white,nonhispanic,M,New York  New York  US,"Little, Moyer and Anderson
0660 Reese Expressway",New York,New York,New York County,36061,10002,112949,rmDktUwbmh@gmail.com,999-34-5819
21282,6/1/88,0,615-66-9652,S99939307,X26300166X,Mr.,Lon,Ted,Padberg,0,0,M,white,nonhispanic,M,New York  New York  US,"USPS Store
3206 Kelly Grove  Suite 928",New York,New York,New York County,36061,10002,112949,rmDktUwbmh@gmail.com,999-34-5819
21283,2/13/88,0,999-34-5819,S99939307,X26300166X,Mr.,Lon,Ted,Padberg,0,0,M,white,nonhispanic,M,New York  New York  US,"Edwards, Hicks and Richardson
732 Thompson Locks",New York,New York,New York County,36061,10002,112949,rmDktUwbmh@gmail.com,999-34-5819
21284,8/2/82,0,264-70-2108,S99939307,X26300166X,Mr.,Lon,Ted,Padberg,0,0,M,white,nonhispanic,M,New York  New York  US,PO BOX 1435,New York,New York,New York County,36061,10002,112949,rmDktUwbmh@gmail.com,999-34-5819
21285,8/10/69,0,399-17-4135,S99939307,X26300166X,Mr.,Lon,Ted,Padberg,0,0,M,white,nonhispanic,M,New York  New York  US,GENERAL DELIVERY,New York,New York,New York County,36061,10002,112949,rmDktUwbmh@gmail.com,999-34-5819
21286,1/29/80,0,853-73-5688,S99939307,X26300166X,Mr.,Lon,Ted,Padberg,0,0,M,white,nonhispanic,M,New York  New York  US,"c/o Emergency Mail Program
192 Fuller Mill Apt. 678",New York,New York,New York County,36061,10002,112949,rmDktUwbmh@gmail.com,999-34-5819
21287,2/13/88,0,999-34-5819,S99939307,X26300166X,Mr.,Lon,Ted,Padberg,0,0,M,white,nonhispanic,M,New York  New York  US,PO BOX 1764,New York,New York,New York County,36061,10002,112949,rmDktUwbmh@gmail.com,999-34-5819
21288,4/18/60,0,999-41-5219,S99913993,X48455472X,Mrs.,Dalia,0,Welch,0,Prosacco,M,white,nonhispanic,F,Floral Park  New York  US,"USPS Store
35718 Sean Pine Suite 957",New York,New York,New York County,36047,11206,95025,olXYlPBGmi@hotmail.com,999-41-5219
21289,1/29/80,0,853-73-5688,S99913993,X48455472X,Mrs.,Dalia,0,Welch,0,Prosacco,M,white,nonhispanic,F,Floral Park  New York  US,"c/o Emergency Mail Program
7341 Cook Islands Suite 570",New York,New York,New York County,36047,11206,95025,olXYlPBGmi@hotmail.com,999-41-5219
21290,8/10/69,0,399-17-4135,S99913993,X48455472X,Mrs.,Dalia,0,Welch,0,Prosacco,M,white,nonhispanic,F,Floral Park  New York  US,GENERAL DELIVERY,New York,New York,New York County,36047,11206,95025,olXYlPBGmi@hotmail.com,999-41-5219
21291,4/18/60,0,999-41-5219,S99913993,X48455472X,Mrs.,Dalia,0,Welch,0,Prosacco,M,white,nonhispanic,F,Floral Park  New York  US,"Pineda PLC
407 Roberts Shore Apt. 205",New York,New York,New York County,36047,11206,95025,olXYlPBGmi@hotmail.com,999-41-5219
21292,8/2/82,0,264-70-2108,S99913993,X48455472X,Mrs.,Dalia,0,Welch,0,Prosacco,M,white,nonhispanic,F,Floral Park  New York  US,PO BOX 1144,New York,New York,New York County,36047,11206,95025,olXYlPBGmi@hotmail.com,999-41-5219
21293,6/1/88,0,615-66-9652,S99913993,X48455472X,Mrs.,Dalia,0,Welch,0,Prosacco,M,white,nonhispanic,F,Floral Park  New York  US,"USPS Store
7125 Logan Place Suite 507",New York,New York,New York County,36047,11206,95025,olXYlPBGmi@hotmail.com,999-41-5219
21294,4/18/60,0,999-41-5219,S99913993,X48455472X,Mrs.,Dalia,0,Welch,0,Prosacco,M,white,nonhispanic,F,Floral Park  New York  US,GENERAL DELIVERY,New York,New York,New York County,36047,11206,95025,olXYlPBGmi@hotmail.com,999-41-5219
21295,4/18/60,0,999-41-5219,S99913993,X48455472X,Mrs.,Dalia,0,Welch,0,Prosacco,M,white,nonhispanic,F,Floral Park  New York  US,PO BOX 8785,New York,New York,New York County,36047,11206,95025,olXYlPBGmi@hotmail.com,999-41-5219
21296,4/18/60,0,999-41-5219,S99913993,X48455472X,Mrs.,Dalia,0,Welch,0,Prosacco,M,white,nonhispanic,F,Floral Park  New York  US,"c/o Emergency Mail Program
4225 Chambers Park",New York,New York,New York County,36047,11206,95025,olXYlPBGmi@hotmail.com,999-41-5219
21297,10/25/85,0,886-76-1180,S99913993,X48455472X,Mrs.,Dalia,0,Welch,0,Prosacco,M,white,nonhispanic,F,Floral Park  New York  US,"Young-Harrell
78825 Keller Point Suite 697",New York,New York,New York County,36047,11206,95025,olXYlPBGmi@hotmail.com,999-41-5219
21298,1/29/80,0,853-73-5688,0,0,0,Jorge Luis,Gonzalo,Nieto,0,0,0,white,hispanic,M,Santiago de los Caballeros  Santiago  DO,"c/o Emergency Mail Program
295 Wayne Causeway Suite 703",New York,New York,New York County,36005,10470,57085,QdjqzFzCiD@gmail.com,999-31-2804
21299,4/2/18,0,999-31-2804,0,0,0,Jorge Luis,Gonzalo,Nieto,0,0,0,white,hispanic,M,Santiago de los Caballeros  Santiago  DO,"USPS Store
4152 Tiffany Shoal  Suite 412",New York,New York,New York County,36005,10470,57085,QdjqzFzCiD@gmail.com,999-31-2804
21300,4/2/18,0,999-31-2804,0,0,0,Jorge Luis,Gonzalo,Nieto,0,0,0,white,hispanic,M,Santiago de los Caballeros  Santiago  DO,"c/o Emergency Mail Program
2024 Laura Point",New York,New York,New York County,36005,10470,57085,QdjqzFzCiD@gmail.com,999-31-2804
21301,8/10/69,0,399-17-4135,0,0,0,Jorge Luis,Gonzalo,Nieto,0,0,0,white,hispanic,M,Santiago de los Caballeros  Santiago  DO,GENERAL DELIVERY,New York,New York,New York County,36005,10470,57085,QdjqzFzCiD@gmail.com,999-31-2804
21302,4/2/18,0,999-31-2804,0,0,0,Jorge Luis,Gonzalo,Nieto,0,0,0,white,hispanic,M,Santiago de los Caballeros  Santiago  DO,GENERAL DELIVERY,New York,New York,New York County,36005,10470,57085,QdjqzFzCiD@gmail.com,999-31-2804
21303,4/2/18,0,999-31-2804,0,0,0,Jorge Luis,Gonzalo,Nieto,0,0,0,white,hispanic,M,Santiago de los Caballeros  Santiago  DO,"Mueller-Trujillo
2523 Edwards Shore",New York,New York,New York County,36005,10470,57085,QdjqzFzCiD@gmail.com,999-31-2804
21304,10/25/85,0,886-76-1180,0,0,0,Jorge Luis,Gonzalo,Nieto,0,0,0,white,hispanic,M,Santiago de los Caballeros  Santiago  DO,"Elliott and Sons
01511 Eaton Villages Apt. 193",New York,New York,New York County,36005,10470,57085,QdjqzFzCiD@gmail.com,999-31-2804
21305,6/1/88,0,615-66-9652,0,0,0,Jorge Luis,Gonzalo,Nieto,0,0,0,white,hispanic,M,Santiago de los Caballeros  Santiago  DO,"USPS Store
7480 Johnson Rest Suite 625",New York,New York,New York County,36005,10470,57085,QdjqzFzCiD@gmail.com,999-31-2804
21306,8/2/82,0,264-70-2108,0,0,0,Jorge Luis,Gonzalo,Nieto,0,0,0,white,hispanic,M,Santiago de los Caballeros  Santiago  DO,PO BOX 7345,New York,New York,New York County,36005,10470,57085,QdjqzFzCiD@gmail.com,999-31-2804
21307,4/2/18,0,999-31-2804,0,0,0,Jorge Luis,Gonzalo,Nieto,0,0,0,white,hispanic,M,Santiago de los Caballeros  Santiago  DO,PO BOX 5583,New York,New York,New York County,36005,10470,57085,QdjqzFzCiD@gmail.com,999-31-2804
21308,10/25/85,0,886-76-1180,S99924802,0,Ms.,Sharice,Tiara,Paucek,0,0,0,asian,nonhispanic,F,Huntington Bay  New York  US,"Morrison-Duarte
32373 Alexander Drives",New York,New York,New York County,36061,10034,55624,ZmlSkuWFHJ@gmail.com,999-66-4632
21309,5/9/05,0,999-66-4632,S99924802,0,Ms.,Sharice,Tiara,Paucek,0,0,0,asian,nonhispanic,F,Huntington Bay  New York  US,"Cook PLC
3842 Brian Dale",New York,New York,New York County,36061,10034,55624,ZmlSkuWFHJ@gmail.com,999-66-4632
21310,8/2/82,0,264-70-2108,S99924802,0,Ms.,Sharice,Tiara,Paucek,0,0,0,asian,nonhispanic,F,Huntington Bay  New York  US,PO BOX 9791,New York,New York,New York County,36061,10034,55624,ZmlSkuWFHJ@gmail.com,999-66-4632
21311,8/10/69,0,399-17-4135,S99924802,0,Ms.,Sharice,Tiara,Paucek,0,0,0,asian,nonhispanic,F,Huntington Bay  New York  US,GENERAL DELIVERY,New York,New York,New York County,36061,10034,55624,ZmlSkuWFHJ@gmail.com,999-66-4632
21312,5/9/05,0,999-66-4632,S99924802,0,Ms.,Sharice,Tiara,Paucek,0,0,0,asian,nonhispanic,F,Huntington Bay  New York  US,PO BOX 625,New York,New York,New York County,36061,10034,55624,ZmlSkuWFHJ@gmail.com,999-66-4632
21313,6/1/88,0,615-66-9652,S99924802,0,Ms.,Sharice,Tiara,Paucek,0,0,0,asian,nonhispanic,F,Huntington Bay  New York  US,"USPS Store
27518 Frazier Isle  Suite 422",New York,New York,New York County,36061,10034,55624,ZmlSkuWFHJ@gmail.com,999-66-4632
21314,5/9/05,0,999-66-4632,S99924802,0,Ms.,Sharice,Tiara,Paucek,0,0,0,asian,nonhispanic,F,Huntington Bay  New York  US,GENERAL DELIVERY,New York,New York,New York County,36061,10034,55624,ZmlSkuWFHJ@gmail.com,999-66-4632
21315,5/9/05,0,999-66-4632,S99924802,0,Ms.,Sharice,Tiara,Paucek,0,0,0,asian,nonhispanic,F,Huntington Bay  New York  US,"c/o Emergency Mail Program
9735 Ashley Cape Suite 747",New York,New York,New York County,36061,10034,55624,ZmlSkuWFHJ@gmail.com,999-66-4632
21316,1/29/80,0,853-73-5688,S99924802,0,Ms.,Sharice,Tiara,Paucek,0,0,0,asian,nonhispanic,F,Huntington Bay  New York  US,"c/o Emergency Mail Program
268 Rodriguez Manors",New York,New York,New York County,36061,10034,55624,ZmlSkuWFHJ@gmail.com,999-66-4632
21317,5/9/05,0,999-66-4632,S99924802,0,Ms.,Sharice,Tiara,Paucek,0,0,0,asian,nonhispanic,F,Huntington Bay  New York  US,"USPS Store
28907 Andrews Inlet Suite 371",New York,New York,New York County,36061,10034,55624,ZmlSkuWFHJ@gmail.com,999-66-4632
21318,9/23/06,0,999-90-9482,S99933162,0,0,Emmett,Columbus,Denesik,0,0,0,white,nonhispanic,M,Chittenango  New York  US,"USPS Store
696 Andrew Summit Suite 687",New York,New York,New York County,36081,11420,148354,mGAWmIjwwO@hotmail.com,999-90-9482
21319,10/25/85,0,886-76-1180,S99933162,0,0,Emmett,Columbus,Denesik,0,0,0,white,nonhispanic,M,Chittenango  New York  US,"Graham-White
2565 Bruce Dale",New York,New York,New York County,36081,11420,148354,mGAWmIjwwO@hotmail.com,999-90-9482
21320,6/1/88,0,615-66-9652,S99933162,0,0,Emmett,Columbus,Denesik,0,0,0,white,nonhispanic,M,Chittenango  New York  US,"USPS Store
821 Stephen Walk Suite 678",New York,New York,New York County,36081,11420,148354,mGAWmIjwwO@hotmail.com,999-90-9482
21321,8/2/82,0,264-70-2108,S99933162,0,0,Emmett,Columbus,Denesik,0,0,0,white,nonhispanic,M,Chittenango  New York  US,PO BOX 7147,New York,New York,New York County,36081,11420,148354,mGAWmIjwwO@hotmail.com,999-90-9482
21322,9/23/06,0,999-90-9482,S99933162,0,0,Emmett,Columbus,Denesik,0,0,0,white,nonhispanic,M,Chittenango  New York  US,"Aguilar-Weaver
83311 Morales Row Apt. 510",New York,New York,New York County,36081,11420,148354,mGAWmIjwwO@hotmail.com,999-90-9482
21323,1/29/80,0,853-73-5688,S99933162,0,0,Emmett,Columbus,Denesik,0,0,0,white,nonhispanic,M,Chittenango  New York  US,"c/o Emergency Mail Program
515 Chavez Stravenue Apt. 535",New York,New York,New York County,36081,11420,148354,mGAWmIjwwO@hotmail.com,999-90-9482
21324,9/23/06,0,999-90-9482,S99933162,0,0,Emmett,Columbus,Denesik,0,0,0,white,nonhispanic,M,Chittenango  New York  US,GENERAL DELIVERY,New York,New York,New York County,36081,11420,148354,mGAWmIjwwO@hotmail.com,999-90-9482
21325,9/23/06,0,999-90-9482,S99933162,0,0,Emmett,Columbus,Denesik,0,0,0,white,nonhispanic,M,Chittenango  New York  US,"c/o Emergency Mail Program
948 Stephen Shores Suite 228",New York,New York,New York County,36081,11420,148354,mGAWmIjwwO@hotmail.com,999-90-9482
21326,9/23/06,0,999-90-9482,S99933162,0,0,Emmett,Columbus,Denesik,0,0,0,white,nonhispanic,M,Chittenango  New York  US,PO BOX 4367,New York,New York,New York County,36081,11420,148354,mGAWmIjwwO@hotmail.com,999-90-9482
21327,8/10/69,0,399-17-4135,S99933162,0,0,Emmett,Columbus,Denesik,0,0,0,white,nonhispanic,M,Chittenango  New York  US,GENERAL DELIVERY,New York,New York,New York County,36081,11420,148354,mGAWmIjwwO@hotmail.com,999-90-9482
21328,1/29/80,0,853-73-5688,S99939636,X83204771X,Mrs.,Macie,Yolande,Brown,0,Reinger,M,white,nonhispanic,F,New York  New York  US,"c/o Emergency Mail Program
15770 Elliott Squares",New York,New York,New York County,36005,10463,137149,ZPThDMHsBz@yahoo.com,999-54-3026
21329,8/31/91,0,999-54-3026,S99939636,X83204771X,Mrs.,Macie,Yolande,Brown,0,Reinger,M,white,nonhispanic,F,New York  New York  US,"USPS Store
310 Chan Vista  Suite 594",New York,New York,New York County,36005,10463,137149,ZPThDMHsBz@yahoo.com,999-54-3026
21330,8/31/91,0,999-54-3026,S99939636,X83204771X,Mrs.,Macie,Yolande,Brown,0,Reinger,M,white,nonhispanic,F,New York  New York  US,"Woodward, Young and Beltran
0747 Reid Summit",New York,New York,New York County,36005,10463,137149,ZPThDMHsBz@yahoo.com,999-54-3026
21331,10/25/85,0,886-76-1180,S99939636,X83204771X,Mrs.,Macie,Yolande,Brown,0,Reinger,M,white,nonhispanic,F,New York  New York  US,"Cannon Group
3162 Hammond Way",New York,New York,New York County,36005,10463,137149,ZPThDMHsBz@yahoo.com,999-54-3026
21332,8/31/91,0,999-54-3026,S99939636,X83204771X,Mrs.,Macie,Yolande,Brown,0,Reinger,M,white,nonhispanic,F,New York  New York  US,PO BOX 5524,New York,New York,New York County,36005,10463,137149,ZPThDMHsBz@yahoo.com,999-54-3026
21333,8/2/82,0,264-70-2108,S99939636,X83204771X,Mrs.,Macie,Yolande,Brown,0,Reinger,M,white,nonhispanic,F,New York  New York  US,PO BOX 2329,New York,New York,New York County,36005,10463,137149,ZPThDMHsBz@yahoo.com,999-54-3026
21334,8/10/69,0,399-17-4135,S99939636,X83204771X,Mrs.,Macie,Yolande,Brown,0,Reinger,M,white,nonhispanic,F,New York  New York  US,GENERAL DELIVERY,New York,New York,New York County,36005,10463,137149,ZPThDMHsBz@yahoo.com,999-54-3026
21335,8/31/91,0,999-54-3026,S99939636,X83204771X,Mrs.,Macie,Yolande,Brown,0,Reinger,M,white,nonhispanic,F,New York  New York  US,GENERAL DELIVERY,New York,New York,New York County,36005,10463,137149,ZPThDMHsBz@yahoo.com,999-54-3026
21336,6/1/88,0,615-66-9652,S99939636,X83204771X,Mrs.,Macie,Yolande,Brown,0,Reinger,M,white,nonhispanic,F,New York  New York  US,"USPS Store
62425 Amber Gateway Suite 753",New York,New York,New York County,36005,10463,137149,ZPThDMHsBz@yahoo.com,999-54-3026
21337,8/31/91,0,999-54-3026,S99939636,X83204771X,Mrs.,Macie,Yolande,Brown,0,Reinger,M,white,nonhispanic,F,New York  New York  US,"c/o Emergency Mail Program
0065 Norman Corner",New York,New York,New York County,36005,10463,137149,ZPThDMHsBz@yahoo.com,999-54-3026
21338,10/25/85,11/19/18,886-76-1180,S99911931,X803903X,Mr.,Leland,0,Senger,0,0,D,white,nonhispanic,M,Waddington  New York  US,"Garza Group
621 Shannon Summit Apt. 046",New York,New York,New York County,36005,10464,114779,zFklreCUdh@gmail.com,999-54-4677
21339,1/29/80,11/19/18,853-73-5688,S99911931,X803903X,Mr.,Leland,0,Senger,0,0,D,white,nonhispanic,M,Waddington  New York  US,"c/o Emergency Mail Program
257 Michael Rapid",New York,New York,New York County,36005,10464,114779,zFklreCUdh@gmail.com,999-54-4677
21340,8/2/82,11/19/18,264-70-2108,S99911931,X803903X,Mr.,Leland,0,Senger,0,0,D,white,nonhispanic,M,Waddington  New York  US,PO BOX 1519,New York,New York,New York County,36005,10464,114779,zFklreCUdh@gmail.com,999-54-4677
21341,11/29/39,11/19/18,999-54-4677,S99911931,X803903X,Mr.,Leland,0,Senger,0,0,D,white,nonhispanic,M,Waddington  New York  US,"USPS Store
0096 Richard Ports Suite 920",New York,New York,New York County,36005,10464,114779,zFklreCUdh@gmail.com,999-54-4677
21342,11/29/39,11/19/18,999-54-4677,S99911931,X803903X,Mr.,Leland,0,Senger,0,0,D,white,nonhispanic,M,Waddington  New York  US,PO BOX 2212,New York,New York,New York County,36005,10464,114779,zFklreCUdh@gmail.com,999-54-4677
21343,11/29/39,11/19/18,999-54-4677,S99911931,X803903X,Mr.,Leland,0,Senger,0,0,D,white,nonhispanic,M,Waddington  New York  US,"Porter-Nelson
4731 Martin Courts Suite 522",New York,New York,New York County,36005,10464,114779,zFklreCUdh@gmail.com,999-54-4677
21344,8/10/69,11/19/18,399-17-4135,S99911931,X803903X,Mr.,Leland,0,Senger,0,0,D,white,nonhispanic,M,Waddington  New York  US,GENERAL DELIVERY,New York,New York,New York County,36005,10464,114779,zFklreCUdh@gmail.com,999-54-4677
21345,11/29/39,11/19/18,999-54-4677,S99911931,X803903X,Mr.,Leland,0,Senger,0,0,D,white,nonhispanic,M,Waddington  New York  US,GENERAL DELIVERY,New York,New York,New York County,36005,10464,114779,zFklreCUdh@gmail.com,999-54-4677
21346,11/29/39,11/19/18,999-54-4677,S99911931,X803903X,Mr.,Leland,0,Senger,0,0,D,white,nonhispanic,M,Waddington  New York  US,"c/o Emergency Mail Program
42282 Garcia Springs Apt. 535",New York,New York,New York County,36005,10464,114779,zFklreCUdh@gmail.com,999-54-4677
21347,6/1/88,11/19/18,615-66-9652,S99911931,X803903X,Mr.,Leland,0,Senger,0,0,D,white,nonhispanic,M,Waddington  New York  US,"USPS Store
731 Mary Court Suite 651",New York,New York,New York County,36005,10464,114779,zFklreCUdh@gmail.com,999-54-4677
21348,8/10/69,0,399-17-4135,S99938444,X72930146X,Mr.,Norbert,0,Prosacco,0,0,M,black,nonhispanic,M,New York  New York  US,GENERAL DELIVERY,New York,New York,New York County,36061,10154,61663,ZNwuNdwPOE@yahoo.com,999-65-2011
21349,1/29/80,0,853-73-5688,S99938444,X72930146X,Mr.,Norbert,0,Prosacco,0,0,M,black,nonhispanic,M,New York  New York  US,"c/o Emergency Mail Program
2326 Holmes Street",New York,New York,New York County,36061,10154,61663,ZNwuNdwPOE@yahoo.com,999-65-2011
21350,6/26/55,0,999-65-2011,S99938444,X72930146X,Mr.,Norbert,0,Prosacco,0,0,M,black,nonhispanic,M,New York  New York  US,PO BOX 857,New York,New York,New York County,36061,10154,61663,ZNwuNdwPOE@yahoo.com,999-65-2011
21351,8/2/82,0,264-70-2108,S99938444,X72930146X,Mr.,Norbert,0,Prosacco,0,0,M,black,nonhispanic,M,New York  New York  US,PO BOX 5468,New York,New York,New York County,36061,10154,61663,ZNwuNdwPOE@yahoo.com,999-65-2011
21352,6/1/88,0,615-66-9652,S99938444,X72930146X,Mr.,Norbert,0,Prosacco,0,0,M,black,nonhispanic,M,New York  New York  US,"USPS Store
173 John Streets Suite 940",New York,New York,New York County,36061,10154,61663,ZNwuNdwPOE@yahoo.com,999-65-2011
21353,6/26/55,0,999-65-2011,S99938444,X72930146X,Mr.,Norbert,0,Prosacco,0,0,M,black,nonhispanic,M,New York  New York  US,GENERAL DELIVERY,New York,New York,New York County,36061,10154,61663,ZNwuNdwPOE@yahoo.com,999-65-2011
21354,6/26/55,0,999-65-2011,S99938444,X72930146X,Mr.,Norbert,0,Prosacco,0,0,M,black,nonhispanic,M,New York  New York  US,"Mack, Alexander and Parks
045 Harris Trace Apt. 423",New York,New York,New York County,36061,10154,61663,ZNwuNdwPOE@yahoo.com,999-65-2011
21355,6/26/55,0,999-65-2011,S99938444,X72930146X,Mr.,Norbert,0,Prosacco,0,0,M,black,nonhispanic,M,New York  New York  US,"USPS Store
9000 Kenneth Knoll  Suite 909",New York,New York,New York County,36061,10154,61663,ZNwuNdwPOE@yahoo.com,999-65-2011
21356,6/26/55,0,999-65-2011,S99938444,X72930146X,Mr.,Norbert,0,Prosacco,0,0,M,black,nonhispanic,M,New York  New York  US,"c/o Emergency Mail Program
404 Martinez Road",New York,New York,New York County,36061,10154,61663,ZNwuNdwPOE@yahoo.com,999-65-2011
21357,10/25/85,0,886-76-1180,S99938444,X72930146X,Mr.,Norbert,0,Prosacco,0,0,M,black,nonhispanic,M,New York  New York  US,"Stephens-Moore
4155 Miller Parks",New York,New York,New York County,36061,10154,61663,ZNwuNdwPOE@yahoo.com,999-65-2011
21358,9/9/27,8/17/83,999-52-2912,S99928448,X42508997X,Mr.,Sergio,Diego,Guillen,0,0,W,white,hispanic,M,Havana  Havana  CU,"c/o Emergency Mail Program
31202 Andrea Garden",New York,New York,New York County,36061,10035,1875,IyGohLPaBn@hotmail.com,999-52-2912
21359,9/9/27,8/17/83,999-52-2912,S99928448,X42508997X,Mr.,Sergio,Diego,Guillen,0,0,W,white,hispanic,M,Havana  Havana  CU,PO BOX 6672,New York,New York,New York County,36061,10035,1875,IyGohLPaBn@hotmail.com,999-52-2912
21360,9/9/27,8/17/83,999-52-2912,S99928448,X42508997X,Mr.,Sergio,Diego,Guillen,0,0,W,white,hispanic,M,Havana  Havana  CU,GENERAL DELIVERY,New York,New York,New York County,36061,10035,1875,IyGohLPaBn@hotmail.com,999-52-2912
21361,10/25/85,8/17/83,886-76-1180,S99928448,X42508997X,Mr.,Sergio,Diego,Guillen,0,0,W,white,hispanic,M,Havana  Havana  CU,"Bailey, Parker and Schwartz
4371 Nathan Causeway",New York,New York,New York County,36061,10035,1875,IyGohLPaBn@hotmail.com,999-52-2912
21362,1/29/80,8/17/83,853-73-5688,S99928448,X42508997X,Mr.,Sergio,Diego,Guillen,0,0,W,white,hispanic,M,Havana  Havana  CU,"c/o Emergency Mail Program
038 Bob Mills Suite 134",New York,New York,New York County,36061,10035,1875,IyGohLPaBn@hotmail.com,999-52-2912
21363,8/2/82,8/17/83,264-70-2108,S99928448,X42508997X,Mr.,Sergio,Diego,Guillen,0,0,W,white,hispanic,M,Havana  Havana  CU,PO BOX 27,New York,New York,New York County,36061,10035,1875,IyGohLPaBn@hotmail.com,999-52-2912
21364,9/9/27,8/17/83,999-52-2912,S99928448,X42508997X,Mr.,Sergio,Diego,Guillen,0,0,W,white,hispanic,M,Havana  Havana  CU,"USPS Store
002 Wood Lakes Suite 540",New York,New York,New York County,36061,10035,1875,IyGohLPaBn@hotmail.com,999-52-2912
21365,9/9/27,8/17/83,999-52-2912,S99928448,X42508997X,Mr.,Sergio,Diego,Guillen,0,0,W,white,hispanic,M,Havana  Havana  CU,"Young, Cox and Skinner
76385 Jessica Mountains",New York,New York,New York County,36061,10035,1875,IyGohLPaBn@hotmail.com,999-52-2912
21366,6/1/88,8/17/83,615-66-9652,S99928448,X42508997X,Mr.,Sergio,Diego,Guillen,0,0,W,white,hispanic,M,Havana  Havana  CU,"USPS Store
3372 Thornton Radial  Suite 639",New York,New York,New York County,36061,10035,1875,IyGohLPaBn@hotmail.com,999-52-2912
21367,8/10/69,8/17/83,399-17-4135,S99928448,X42508997X,Mr.,Sergio,Diego,Guillen,0,0,W,white,hispanic,M,Havana  Havana  CU,GENERAL DELIVERY,New York,New York,New York County,36061,10035,1875,IyGohLPaBn@hotmail.com,999-52-2912
21368,6/1/88,0,615-66-9652,S99924002,X15839X,Mrs.,Cathryn,Frederica,Stokes,0,Pouros,M,white,nonhispanic,F,Big Flats  New York  US,"USPS Store
44005 Shaw View Suite 915",New York,New York,New York County,36081,11378,4908,VoZWElamDg@gmail.com,999-44-6955
21369,1/29/80,0,853-73-5688,S99924002,X15839X,Mrs.,Cathryn,Frederica,Stokes,0,Pouros,M,white,nonhispanic,F,Big Flats  New York  US,"c/o Emergency Mail Program
60093 Frederick Route Suite 246",New York,New York,New York County,36081,11378,4908,VoZWElamDg@gmail.com,999-44-6955
21370,9/15/76,0,999-44-6955,S99924002,X15839X,Mrs.,Cathryn,Frederica,Stokes,0,Pouros,M,white,nonhispanic,F,Big Flats  New York  US,"Morales, Duncan and Stone
94828 Joseph Forge",New York,New York,New York County,36081,11378,4908,VoZWElamDg@gmail.com,999-44-6955
21371,10/25/85,0,886-76-1180,S99924002,X15839X,Mrs.,Cathryn,Frederica,Stokes,0,Pouros,M,white,nonhispanic,F,Big Flats  New York  US,"Porter, Cooley and Foley
92103 Vaughan Mountain Apt. 097",New York,New York,New York County,36081,11378,4908,VoZWElamDg@gmail.com,999-44-6955
21372,8/10/69,0,399-17-4135,S99924002,X15839X,Mrs.,Cathryn,Frederica,Stokes,0,Pouros,M,white,nonhispanic,F,Big Flats  New York  US,GENERAL DELIVERY,New York,New York,New York County,36081,11378,4908,VoZWElamDg@gmail.com,999-44-6955
21373,9/15/76,0,999-44-6955,S99924002,X15839X,Mrs.,Cathryn,Frederica,Stokes,0,Pouros,M,white,nonhispanic,F,Big Flats  New York  US,"USPS Store
5755 Marsh Stream Suite 311",New York,New York,New York County,36081,11378,4908,VoZWElamDg@gmail.com,999-44-6955
21374,9/15/76,0,999-44-6955,S99924002,X15839X,Mrs.,Cathryn,Frederica,Stokes,0,Pouros,M,white,nonhispanic,F,Big Flats  New York  US,GENERAL DELIVERY,New York,New York,New York County,36081,11378,4908,VoZWElamDg@gmail.com,999-44-6955
21375,9/15/76,0,999-44-6955,S99924002,X15839X,Mrs.,Cathryn,Frederica,Stokes,0,Pouros,M,white,nonhispanic,F,Big Flats  New York  US,PO BOX 9190,New York,New York,New York County,36081,11378,4908,VoZWElamDg@gmail.com,999-44-6955
21376,8/2/82,0,264-70-2108,S99924002,X15839X,Mrs.,Cathryn,Frederica,Stokes,0,Pouros,M,white,nonhispanic,F,Big Flats  New York  US,PO BOX 2068,New York,New York,New York County,36081,11378,4908,VoZWElamDg@gmail.com,999-44-6955
21377,9/15/76,0,999-44-6955,S99924002,X15839X,Mrs.,Cathryn,Frederica,Stokes,0,Pouros,M,white,nonhispanic,F,Big Flats  New York  US,"c/o Emergency Mail Program
729 Kenneth Passage",New York,New York,New York County,36081,11378,4908,VoZWElamDg@gmail.com,999-44-6955
21378,6/1/88,0,615-66-9652,S99951180,X24429230X,Mrs.,Misty,Chun,Schmidt,0,McCullough,M,white,nonhispanic,F,New York  New York  US,"USPS Store
89337 Theresa Island  Suite 544",New York,New York,New York County,36005,10466,753465,xlFviliros@gmail.com,999-12-1465
21379,7/4/61,0,999-12-1465,S99951180,X24429230X,Mrs.,Misty,Chun,Schmidt,0,McCullough,M,white,nonhispanic,F,New York  New York  US,"Callahan Ltd
151 Roberts Dale Suite 689",New York,New York,New York County,36005,10466,753465,xlFviliros@gmail.com,999-12-1465
21380,7/4/61,0,999-12-1465,S99951180,X24429230X,Mrs.,Misty,Chun,Schmidt,0,McCullough,M,white,nonhispanic,F,New York  New York  US,GENERAL DELIVERY,New York,New York,New York County,36005,10466,753465,xlFviliros@gmail.com,999-12-1465
21381,1/29/80,0,853-73-5688,S99951180,X24429230X,Mrs.,Misty,Chun,Schmidt,0,McCullough,M,white,nonhispanic,F,New York  New York  US,"c/o Emergency Mail Program
542 Ferguson Mission Suite 663",New York,New York,New York County,36005,10466,753465,xlFviliros@gmail.com,999-12-1465
21382,8/2/82,0,264-70-2108,S99951180,X24429230X,Mrs.,Misty,Chun,Schmidt,0,McCullough,M,white,nonhispanic,F,New York  New York  US,PO BOX 1671,New York,New York,New York County,36005,10466,753465,xlFviliros@gmail.com,999-12-1465
21383,7/4/61,0,999-12-1465,S99951180,X24429230X,Mrs.,Misty,Chun,Schmidt,0,McCullough,M,white,nonhispanic,F,New York  New York  US,PO BOX 850,New York,New York,New York County,36005,10466,753465,xlFviliros@gmail.com,999-12-1465
21384,10/25/85,0,886-76-1180,S99951180,X24429230X,Mrs.,Misty,Chun,Schmidt,0,McCullough,M,white,nonhispanic,F,New York  New York  US,"Jones-Chandler
553 Joseph Locks Apt. 103",New York,New York,New York County,36005,10466,753465,xlFviliros@gmail.com,999-12-1465
21385,8/10/69,0,399-17-4135,S99951180,X24429230X,Mrs.,Misty,Chun,Schmidt,0,McCullough,M,white,nonhispanic,F,New York  New York  US,GENERAL DELIVERY,New York,New York,New York County,36005,10466,753465,xlFviliros@gmail.com,999-12-1465
21386,7/4/61,0,999-12-1465,S99951180,X24429230X,Mrs.,Misty,Chun,Schmidt,0,McCullough,M,white,nonhispanic,F,New York  New York  US,"USPS Store
599 Johnson Courts  Suite 451",New York,New York,New York County,36005,10466,753465,xlFviliros@gmail.com,999-12-1465
21387,7/4/61,0,999-12-1465,S99951180,X24429230X,Mrs.,Misty,Chun,Schmidt,0,McCullough,M,white,nonhispanic,F,New York  New York  US,"c/o Emergency Mail Program
419 Gaines Land",New York,New York,New York County,36005,10466,753465,xlFviliros@gmail.com,999-12-1465
21388,9/17/60,0,999-43-9684,S99957893,X67916455X,Mr.,Scot,0,Bosco,0,0,D,asian,nonhispanic,M,Carmel  New York  US,GENERAL DELIVERY,New York,New York,New York County,36047,11237,86396,OQHZLjEOag@yahoo.com,999-43-9684
21389,10/25/85,0,886-76-1180,S99957893,X67916455X,Mr.,Scot,0,Bosco,0,0,D,asian,nonhispanic,M,Carmel  New York  US,"Wallace, Gonzales and Marsh
576 Bryan Pike",New York,New York,New York County,36047,11237,86396,OQHZLjEOag@yahoo.com,999-43-9684
21390,9/17/60,0,999-43-9684,S99957893,X67916455X,Mr.,Scot,0,Bosco,0,0,D,asian,nonhispanic,M,Carmel  New York  US,PO BOX 4385,New York,New York,New York County,36047,11237,86396,OQHZLjEOag@yahoo.com,999-43-9684
21391,9/17/60,0,999-43-9684,S99957893,X67916455X,Mr.,Scot,0,Bosco,0,0,D,asian,nonhispanic,M,Carmel  New York  US,"c/o Emergency Mail Program
942 Robert Mill",New York,New York,New York County,36047,11237,86396,OQHZLjEOag@yahoo.com,999-43-9684
21392,9/17/60,0,999-43-9684,S99957893,X67916455X,Mr.,Scot,0,Bosco,0,0,D,asian,nonhispanic,M,Carmel  New York  US,"USPS Store
0926 Ashley Court Suite 121",New York,New York,New York County,36047,11237,86396,OQHZLjEOag@yahoo.com,999-43-9684
21393,1/29/80,0,853-73-5688,S99957893,X67916455X,Mr.,Scot,0,Bosco,0,0,D,asian,nonhispanic,M,Carmel  New York  US,"c/o Emergency Mail Program
385 Katie Pines Suite 511",New York,New York,New York County,36047,11237,86396,OQHZLjEOag@yahoo.com,999-43-9684
21394,6/1/88,0,615-66-9652,S99957893,X67916455X,Mr.,Scot,0,Bosco,0,0,D,asian,nonhispanic,M,Carmel  New York  US,"USPS Store
52328 Taylor Way Suite 723",New York,New York,New York County,36047,11237,86396,OQHZLjEOag@yahoo.com,999-43-9684
21395,9/17/60,0,999-43-9684,S99957893,X67916455X,Mr.,Scot,0,Bosco,0,0,D,asian,nonhispanic,M,Carmel  New York  US,"Burke LLC
2131 Jesus Lodge",New York,New York,New York County,36047,11237,86396,OQHZLjEOag@yahoo.com,999-43-9684
21396,8/2/82,0,264-70-2108,S99957893,X67916455X,Mr.,Scot,0,Bosco,0,0,D,asian,nonhispanic,M,Carmel  New York  US,PO BOX 4016,New York,New York,New York County,36047,11237,86396,OQHZLjEOag@yahoo.com,999-43-9684
21397,8/10/69,0,399-17-4135,S99957893,X67916455X,Mr.,Scot,0,Bosco,0,0,D,asian,nonhispanic,M,Carmel  New York  US,GENERAL DELIVERY,New York,New York,New York County,36047,11237,86396,OQHZLjEOag@yahoo.com,999-43-9684
21398,8/2/82,1/22/75,264-70-2108,S99951152,X36697039X,Mr.,Harrison,Jamal,Veum,0,0,M,white,nonhispanic,M,New York  New York  US,PO BOX 108,New York,New York,New York County,36047,11225,184147,rEVFqcalqP@yahoo.com,999-25-3272
21399,1/29/80,1/22/75,853-73-5688,S99951152,X36697039X,Mr.,Harrison,Jamal,Veum,0,0,M,white,nonhispanic,M,New York  New York  US,"c/o Emergency Mail Program
52807 Fisher Mall",New York,New York,New York County,36047,11225,184147,rEVFqcalqP@yahoo.com,999-25-3272
21400,4/24/28,1/22/75,999-25-3272,S99951152,X36697039X,Mr.,Harrison,Jamal,Veum,0,0,M,white,nonhispanic,M,New York  New York  US,GENERAL DELIVERY,New York,New York,New York County,36047,11225,184147,rEVFqcalqP@yahoo.com,999-25-3272
21401,6/1/88,1/22/75,615-66-9652,S99951152,X36697039X,Mr.,Harrison,Jamal,Veum,0,0,M,white,nonhispanic,M,New York  New York  US,"USPS Store
791 Butler Stravenue Suite 887",New York,New York,New York County,36047,11225,184147,rEVFqcalqP@yahoo.com,999-25-3272
21402,4/24/28,1/22/75,999-25-3272,S99951152,X36697039X,Mr.,Harrison,Jamal,Veum,0,0,M,white,nonhispanic,M,New York  New York  US,PO BOX 9213,New York,New York,New York County,36047,11225,184147,rEVFqcalqP@yahoo.com,999-25-3272
21403,10/25/85,1/22/75,886-76-1180,S99951152,X36697039X,Mr.,Harrison,Jamal,Veum,0,0,M,white,nonhispanic,M,New York  New York  US,"Hicks, Williams and Sloan
2212 Cameron Island Suite 652",New York,New York,New York County,36047,11225,184147,rEVFqcalqP@yahoo.com,999-25-3272
21404,4/24/28,1/22/75,999-25-3272,S99951152,X36697039X,Mr.,Harrison,Jamal,Veum,0,0,M,white,nonhispanic,M,New York  New York  US,"c/o Emergency Mail Program
49793 John Trace",New York,New York,New York County,36047,11225,184147,rEVFqcalqP@yahoo.com,999-25-3272
21405,4/24/28,1/22/75,999-25-3272,S99951152,X36697039X,Mr.,Harrison,Jamal,Veum,0,0,M,white,nonhispanic,M,New York  New York  US,"Haas-Williams
6724 Stevens Route",New York,New York,New York County,36047,11225,184147,rEVFqcalqP@yahoo.com,999-25-3272
21406,8/10/69,1/22/75,399-17-4135,S99951152,X36697039X,Mr.,Harrison,Jamal,Veum,0,0,M,white,nonhispanic,M,New York  New York  US,GENERAL DELIVERY,New York,New York,New York County,36047,11225,184147,rEVFqcalqP@yahoo.com,999-25-3272
21407,4/24/28,1/22/75,999-25-3272,S99951152,X36697039X,Mr.,Harrison,Jamal,Veum,0,0,M,white,nonhispanic,M,New York  New York  US,"USPS Store
2076 Flynn Land Suite 137",New York,New York,New York County,36047,11225,184147,rEVFqcalqP@yahoo.com,999-25-3272
21408,6/15/85,0,999-88-7691,S99911270,X36730967X,Mrs.,Mika,Kacey,Johnston,0,Mayer,M,black,nonhispanic,F,Cheektowaga  New York  US,PO BOX 1428,New York,New York,New York County,36047,11235,61863,rtQerRfZCE@gmail.com,999-88-7691
21409,8/10/69,0,399-17-4135,S99911270,X36730967X,Mrs.,Mika,Kacey,Johnston,0,Mayer,M,black,nonhispanic,F,Cheektowaga  New York  US,GENERAL DELIVERY,New York,New York,New York County,36047,11235,61863,rtQerRfZCE@gmail.com,999-88-7691
21410,1/29/80,0,853-73-5688,S99911270,X36730967X,Mrs.,Mika,Kacey,Johnston,0,Mayer,M,black,nonhispanic,F,Cheektowaga  New York  US,"c/o Emergency Mail Program
7223 Williams Fords Apt. 125",New York,New York,New York County,36047,11235,61863,rtQerRfZCE@gmail.com,999-88-7691
21411,8/2/82,0,264-70-2108,S99911270,X36730967X,Mrs.,Mika,Kacey,Johnston,0,Mayer,M,black,nonhispanic,F,Cheektowaga  New York  US,PO BOX 2683,New York,New York,New York County,36047,11235,61863,rtQerRfZCE@gmail.com,999-88-7691
21412,10/25/85,0,886-76-1180,S99911270,X36730967X,Mrs.,Mika,Kacey,Johnston,0,Mayer,M,black,nonhispanic,F,Cheektowaga  New York  US,"Torres-Smith
0357 Isabella Circle Suite 023",New York,New York,New York County,36047,11235,61863,rtQerRfZCE@gmail.com,999-88-7691
21413,6/1/88,0,615-66-9652,S99911270,X36730967X,Mrs.,Mika,Kacey,Johnston,0,Mayer,M,black,nonhispanic,F,Cheektowaga  New York  US,"USPS Store
57347 Isaiah Prairie Suite 754",New York,New York,New York County,36047,11235,61863,rtQerRfZCE@gmail.com,999-88-7691
21414,6/15/85,0,999-88-7691,S99911270,X36730967X,Mrs.,Mika,Kacey,Johnston,0,Mayer,M,black,nonhispanic,F,Cheektowaga  New York  US,"c/o Emergency Mail Program
42781 Steven Trace Apt. 751",New York,New York,New York County,36047,11235,61863,rtQerRfZCE@gmail.com,999-88-7691
21415,6/15/85,0,999-88-7691,S99911270,X36730967X,Mrs.,Mika,Kacey,Johnston,0,Mayer,M,black,nonhispanic,F,Cheektowaga  New York  US,"Thomas Inc
57381 Cynthia Plains Suite 840",New York,New York,New York County,36047,11235,61863,rtQerRfZCE@gmail.com,999-88-7691
21416,6/15/85,0,999-88-7691,S99911270,X36730967X,Mrs.,Mika,Kacey,Johnston,0,Mayer,M,black,nonhispanic,F,Cheektowaga  New York  US,GENERAL DELIVERY,New York,New York,New York County,36047,11235,61863,rtQerRfZCE@gmail.com,999-88-7691
21417,6/15/85,0,999-88-7691,S99911270,X36730967X,Mrs.,Mika,Kacey,Johnston,0,Mayer,M,black,nonhispanic,F,Cheektowaga  New York  US,"USPS Store
398 Vargas Park  Suite 398",New York,New York,New York County,36047,11235,61863,rtQerRfZCE@gmail.com,999-88-7691