filename,personId,isNewPerson,result
converted_file_16_response.json,ceeee0fc-76b4-486a-898d-5bb18a58cba1,True,No Match
converted_file_12_response.json,d8308f60-52b1-4545-b808-6a0962c1afd8,False,Match
converted_file_4_response.json,f6517c95-5190-4375-a57b-fe2e794e0aa8,False,Match
converted_file_0_response.json,71656a67-c234-43ca-abb2-a8a0599ad84f,False,Match
converted_file_7_response.json,66325998-1f4d-4737-921a-2ad9398f2ba5,False,Match
converted_file_3_response.json,35010e03-4be2-4362-8658-c6401f539e04,True,No Match
converted_file_15_response.json,3779d8af-7f01-47f6-9c6e-4c0a1a3e2496,False,Match
converted_file_11_response.json,2240c1eb-7156-4536-9199-9f1e08b8c7fc,False,Match
converted_file_28_response.json,7931da93-98f6-40c3-8f9e-c213a8f0ae92,False,Match
converted_file_22_response.json,45d31601-f6c7-4ff6-8a59-d35ea42d8311,False,Match
converted_file_31_response.json,b4ac39c5-487a-47a7-b267-d80238c8949e,True,No Match
converted_file_26_response.json,9a1a94a8-0347-40ef-8b8e-2da198b77d41,False,Match
converted_file_9_response.json,b9c8040f-0e57-40e7-ba67-fe899262a07e,True,No Match
converted_file_18_response.json,3fa47055-e442-4067-b1cd-a1d5ad3d2a64,False,Match
converted_file_21_response.json,f450d604-bcbb-4613-a715-1ea13125b224,True,No Match
converted_file_25_response.json,9a1a94a8-0347-40ef-8b8e-2da198b77d41,False,Match
converted_file_32_response.json,,,Match
converted_file_24_response.json,2eb9e6db-e6c7-479c-a21d-3b3fd601d5b1,False,Match
converted_file_20_response.json,6879ea8e-016f-441f-98d3-83a8e1b9bff0,False,Match
converted_file_19_response.json,cf9b3966-1c89-4cdf-8245-ddf299908a46,True,No Match
converted_file_27_response.json,49555272-c55a-44af-970b-1edf569d9afc,False,Match
converted_file_30_response.json,acdadb32-8f03-46a3-bfc7-98aa3825d53d,False,Match
converted_file_23_response.json,9ec48373-ef9b-4af4-a11b-8f6ec21a032a,False,Match
converted_file_8_response.json,1ff477f1-2cb6-4b8d-ad71-87af565ec547,True,No Match
converted_file_2_response.json,cfb2d4dd-a387-4d39-b1c1-d5eb14bdf32b,False,Match
converted_file_6_response.json,a7d9052f-6666-40bf-8fcc-a9b244cc1977,False,Match
converted_file_29_response.json,60a2145d-1b82-4dbb-b95c-a3e54da729d7,False,Match
converted_file_10_response.json,2240c1eb-7156-4536-9199-9f1e08b8c7fc,False,Match
converted_file_14_response.json,02fa40fe-b4d1-483d-b913-05565bfa692c,False,Match
converted_file_13_response.json,f9580577-1735-468d-8bea-ef062117918c,True,No Match
converted_file_17_response.json,3fa47055-e442-4067-b1cd-a1d5ad3d2a64,True,No Match
converted_file_1_response.json,c14eca0c-1300-4105-935b-024368c280a9,True,No Match
converted_file_5_response.json,a7d9052f-6666-40bf-8fcc-a9b244cc1977,False,Match
